{
  "locations": [
    {
      "id": "0",
      "name": "Acme Fresh Start Housing",
      "city": "Chicago",
      "state": "IL",
      "photo": "https://angular.io/assets/images/tutorials/faa/bernard-hermant-CLKGGwIBTaY-unsplash.jpg",
      "availableUnits": 4,
      "wifi": true,
      "laundry": true
    },
    {
      "id": "1",
      "name": "A113 Transitional Housing",
      "city": "Santa Monica",
      "state": "CA",
      "photo": "https://angular.io/assets/images/tutorials/faa/brandon-griggs-wR11KBaB86U-unsplash.jpg",
      "availableUnits": 0,
      "wifi": false,
      "laundry": true
    },
    {
      "id": "2",
      "name": "Warm Beds Housing Support",
      "city": "Juneau",
      "state": "AK",
      "photo": "https://angular.io/assets/images/tutorials/faa/i-do-nothing-but-love-lAyXdl1-Wmc-unsplash.jpg",
      "availableUnits": 1,
      "wifi": false,
      "laundry": false
    },
    {
      "id": "3",
      "name": "Homesteady Housing",
      "city": "Chicago",
      "state": "IL",
      "photo": "https://angular.io/assets/images/tutorials/faa/ian-macdonald-W8z6aiwfi1E-unsplash.jpg",
      "availableUnits": 1,
      "wifi": true,
      "laundry": false
    },
    {
      "id": "4",
      "name": "Happy Homes Group",
      "city": "Gary",
      "state": "IN",
      "photo": "https://angular.io/assets/images/tutorials/faa/krzysztof-hepner-978RAXoXnH4-unsplash.jpg",
      "availableUnits": 1,
      "wifi": true,
      "laundry": false
    },
    {
      "id": "5",
      "name": "Hopeful Apartment Group",
      "city": "Oakland",
      "state": "CA",
      "photo": "https://angular.io/assets/images/tutorials/faa/r-architecture-JvQ0Q5IkeMM-unsplash.jpg",
      "availableUnits": 2,
      "wifi": true,
      "laundry": true
    },
    {
      "id": "6",
      "name": "Seriously Safe Towns",
      "city": "Oakland",
      "state": "CA",
      "photo": "https://angular.io/assets/images/tutorials/faa/phil-hearing-IYfp2Ixe9nM-unsplash.jpg",
      "availableUnits": 5,
      "wifi": true,
      "laundry": true
    },
    {
      "id": "7",
      "name": "Hopeful Housing Solutions",
      "city": "Oakland",
      "state": "CA",
      "photo": "https://angular.io/assets/images/tutorials/faa/r-architecture-GGupkreKwxA-unsplash.jpg",
      "availableUnits": 2,
      "wifi": true,
      "laundry": true
    },
    {
      "id": "8",
      "name": "Seriously Safe Towns",
      "city": "Oakland",
      "state": "CA",
      "photo": "https://angular.io/assets/images/tutorials/faa/saru-robert-9rP3mxf8qWI-unsplash.jpg",
      "availableUnits": 10,
      "wifi": false,
      "laundry": false
    },
    {
      "id": "9",
      "name": "Capital Safe Towns",
      "city": "Portland",
      "state": "OR",
      "photo": "https://angular.io/assets/images/tutorials/faa/webaliser-_TPTXZd9mOo-unsplash.jpg",
      "availableUnits": 6,
      "wifi": true,
      "laundry": true
    }
  ],
  "rawMaterials": [
    {
      "id": "1",
      "name": "Cotton",
      "quantity": 1000,
      "unit": "metre",
      "supplier": {
        "id": 1,
        "name": "Supplier A",
        "email": "email@supplierA.com",
        "phone": "123456789"
      },
      "unitPrice": 105
    },
    {
      "id": "eea5",
      "supplier": {
        "id": "3",
        "name": "Supplier C",
        "email": "email@supplierC.com",
        "phone": "987654322"
      },
      "name": "Button",
      "quantity": 500,
      "unit": "Pcs",
      "unitPrice": 5
    }
  ],
  "suppliers": [
    {
      "id": "1",
      "name": "Supplier A",
      "email": "email@supplierA.com",
      "phone": "123456789"
    },
    {
      "id": "2",
      "name": "Supplier B",
      "email": "email@supplierB.com",
      "phone": "987654321"
    },
    {
      "id": "3",
      "name": "Supplier C",
      "email": "email@supplierC.com",
      "phone": "987654322"
    }
  ],
  "orders": [
    {
      "id": "1",
      "customer": {
        "id": "b96d",
        "name": "Shamima Nasrin",
        "photo": "",
        "email": "customerA@gmail.com",
        "phone": "98764534"
      },
      "product": {
        "productId": "P001",
        "name": "Shirt",
        "description": "Cotton shirt",
        "price": 29.99,
        "stock": 100
      },
      "quantity": 5,
      "orderDate": "2023-05-11T18:00:00Z",
      "status": "Pending",
      "currentStage": "Sewing"
    },
    {
      "id": "8cf6",
      "customer": "2",
      "product": "2",
      "quantity": "200",
      "orderDate": "2024-08-28",
      "status": "Approved"
    }
  ],
  "notifications": [],
  "customers": [
    {
      "id": "b96d",
      "name": "Shamima Nasrin",
      "photo": "",
      "email": "customerA@gmail.com",
      "phone": "98764534"
    }
  ]
}